{
    "directional": true,
    "zones": 5,
    "holdframes": 4,
    "transitiondelay": 120,
    "centerpriority": true,
    "recenter": true,
    "confidencefilter": 0.75,
    "statestability": 0.8,
    "camera_index": 1,
    "threshold_x": 0.02,
    "threshold_y": 0.02,
    "center_x": 0.474593460938059,
    "center_y": 0.44345970484315067,
    "threshold_left": 0.042508268677532254,
    "threshold_right": 0.06945692049156744,
    "threshold_up": 0.005,
    "threshold_down": 0.008348080049797356
}