{
    "directional": true,
    "zones": 5,
    "holdframes": 4,
    "transitiondelay": 120,
    "centerpriority": true,
    "recenter": true,
    "confidencefilter": 0.75,
    "statestability": 0.8,
    "camera_index": 2,
    "threshold_x": 0.02,
    "threshold_y": 0.02,
    "center_x": 0.470572618925719,
    "center_y": 0.4504155744631225,
    "threshold_left": 0.04935293429456948,
    "threshold_right": 0.029396204930373235,
    "threshold_up": 0.01070327887422835,
    "threshold_down": 0.005
}