{
    "directional": true,
    "zones": 5,
    "holdframes": 4,
    "transitiondelay": 120,
    "centerpriority": true,
    "recenter": true,
    "confidencefilter": 0.75,
    "statestability": 0.8,
    "camera_index": 2,
    "threshold_x": 0.02,
    "threshold_y": 0.02,
    "center_x": 0.4851685440767433,
    "center_y": 0.46858866889064044,
    "threshold_left": 0.03209555103286153,
    "threshold_right": 0.04563890059222379,
    "threshold_up": 0.010959968021557197,
    "threshold_down": 0.00960854728668623
}